,address,prevailing_wage,linkedin_est,longitude,latitude,state,housing_price,text,studio_appt_price
1,ALBANY NY,79864.42,71000.0,-73.75496800000005,42.65116740000003,NY,373938.36,ALBANY NY: 79864.42,751.0
6,BUFFALO NY,70046.2,71000.0,-78.87839220000001,42.8867166,NY,373938.36,BUFFALO NY: 70046.2,716.0
43,NEW YORK NY,91837.37,71000.0,-115.17449463280245,36.1021436000006,NY,373938.36,NEW YORK NY: 91837.37,1940.0
55,ROCHESTER NY,84461.38,71000.0,-77.6152140000001,43.15728499999995,NY,373938.36,ROCHESTER NY: 84461.38,660.0
63,SYRACUSE NY,75566.0,71000.0,-76.1474244,43.0481221,NY,373938.36,SYRACUSE NY: 75566.0,588.0
67,TROY NY,67246.0,71000.0,-73.6917878,42.7284117,NY,373938.36,TROY NY: 67246.0,682.0
80,BOISE ID,82215.5,73000.0,-116.20088600000001,43.6166163,ID,279753.57,BOISE ID: 82215.5,598.0
86,BALTIMORE MD,77264.5,73000.0,-76.61075899999997,39.290881600000006,MD,325274.83,BALTIMORE MD: 77264.5,778.0
88,BOWIE MD,70803.0,73000.0,-76.731234,38.9429659,MD,325274.83,BOWIE MD: 70803.0,2049.0
89,CATONSVILLE MD,84070.41,73000.0,-76.73184559999999,39.27205039999999,MD,325274.83,CATONSVILLE MD: 84070.41,951.0
93,COLUMBIA MD,86172.0,73000.0,-74.20380250000014,4.610439899999987,MD,325274.83,COLUMBIA MD: 86172.0,1290.0
98,FREDERICK MD,67287.0,73000.0,-77.4109269,39.4142186,MD,325274.83,FREDERICK MD: 67287.0,1348.0
100,GAITHERSBURG MD,87780.81,73000.0,-77.20137050000018,39.14344059999992,MD,325274.83,GAITHERSBURG MD: 87780.81,1505.0
101,GERMANTOWN MD,92578.37,73000.0,-77.2716502,39.17316209999995,MD,325274.83,GERMANTOWN MD: 92578.37,1652.0
102,GREENBELT MD,82003.33,73000.0,-76.88306579702108,38.99373330000002,MD,325274.83,GREENBELT MD: 82003.33,1320.0
106,LAUREL MD,87813.82,73000.0,-76.84830609999997,39.0992752,MD,325274.83,LAUREL MD: 87813.82,1241.0
110,OWINGS MILLS MD,74152.0,73000.0,-76.796299,39.401075299999995,MD,325274.83,OWINGS MILLS MD: 74152.0,1035.0
111,PASADENA MD,91929.17,73000.0,-76.5506967542792,39.1106375,MD,325274.83,PASADENA MD: 91929.17,1325.0
117,TOWSON MD,79222.25,73000.0,-76.602388,39.4018552,MD,325274.83,TOWSON MD: 79222.25,980.0
127,CAMDEN NJ,75733.0,73000.0,-75.11989109999999,39.9448402,NJ,367661.46,CAMDEN NJ: 75733.0,783.0
154,HACKENSACK NJ,82335.82,73000.0,-74.04347360000003,40.8859326,NJ,367661.46,HACKENSACK NJ: 82335.82,1287.0
164,JERSEY CITY NJ,85880.52,73000.0,-74.07764170000026,40.728157499999845,NJ,367661.46,JERSEY CITY NJ: 85880.52,1451.0
168,LAKEWOOD NJ,82400.0,73000.0,-74.2121964562147,40.092024,NJ,367661.46,LAKEWOOD NJ: 82400.0,1337.0
242,ABILENE TX,66061.0,75622.22222222223,-99.7475905,32.44645,TX,284640.68,ABILENE TX: 66061.0,602.0
244,ALLEN TX,82928.65,75622.22222222223,-96.67055030000003,33.103174399999986,TX,284640.68,ALLEN TX: 82928.65,1058.0
246,AMARILLO TX,57595.0,75622.22222222223,-101.83382459999999,35.2072185,TX,284640.68,AMARILLO TX: 57595.0,533.0
247,ARLINGTON TX,84222.15,75622.22222222223,-97.10562482668799,32.701938999999996,TX,284640.68,ARLINGTON TX: 84222.15,849.0
248,AUSTIN TX,85536.64,75622.22222222302,-97.74369950000049,30.271128599999837,TX,284640.68,AUSTIN TX: 85536.64,983.0
249,BAYTOWN TX,72571.0,75622.22222222223,-94.97742740000001,29.735504700000003,TX,284640.68,BAYTOWN TX: 72571.0,768.0
253,CARROLLTON TX,81610.06,75622.22222222209,-96.8902816,32.95373490000003,TX,284640.68,CARROLLTON TX: 81610.06,934.0
254,CEDAR PARK TX,80462.28,75622.22222222206,-97.82783299999979,30.52171159999996,TX,284640.68,CEDAR PARK TX: 80462.28,1120.0
255,COLLEGE STATION TX,46738.0,75622.22222222223,-96.32715379999999,30.6253463,TX,284640.68,COLLEGE STATION TX: 46738.0,708.0
257,CONROE TX,91915.0,75622.22222222223,-95.4560512,30.311876899999998,TX,284640.68,CONROE TX: 91915.0,794.0
259,CORPUS CHRISTI TX,80122.0,75622.22222222223,-97.3955744,27.8002542,TX,284640.68,CORPUS CHRISTI TX: 80122.0,820.0
261,DALLAS TX,88085.06,75622.22222222347,-99.07596200000206,19.505949599999838,TX,284640.68,DALLAS TX: 88085.06,767.0
263,EL PASO TX,73507.0,75622.22222222223,55.152932822790696,25.20184055,TX,284640.68,EL PASO TX: 73507.0,552.0
265,FLOWER MOUND TX,89829.36,75622.22222222215,-97.09695520000004,33.014567299999975,TX,284640.68,FLOWER MOUND TX: 89829.36,1546.0
266,FORT WORTH TX,74433.89,75622.22222222223,-97.33274589999999,32.753177,TX,284640.68,FORT WORTH TX: 74433.89,778.0
268,FRISCO TX,84196.45,75622.22222222335,-96.82361159999954,33.150674399999865,TX,284640.68,FRISCO TX: 84196.45,1083.0
270,GRAND PRAIRIE TX,90189.0,75622.22222222223,-97.02846624175041,32.657368,TX,284640.68,GRAND PRAIRIE TX: 90189.0,859.0
271,GRAPEVINE TX,84112.04,75622.22222222223,-97.07806540000001,32.934291899999984,TX,284640.68,GRAPEVINE TX: 84112.04,913.0
272,HOUSTON TX,87714.3,75622.22222222353,-95.36769739999826,29.75893820000039,TX,284640.68,HOUSTON TX: 87714.3,743.0
273,IRVING TX,83974.03,75622.22222222363,-96.94421769999819,32.82951830000053,TX,284640.68,IRVING TX: 83974.03,840.0
277,LAREDO TX,58469.0,75622.22222222223,-99.49537640000001,27.519984100000002,TX,284640.68,LAREDO TX: 58469.0,626.0
278,LEAGUE CITY TX,72571.0,75622.22222222223,-95.0949303,29.5074538,TX,284640.68,LEAGUE CITY TX: 72571.0,1076.0
280,LEWISVILLE TX,83753.23,75622.22222222215,-96.994174,33.04623300000002,TX,284640.68,LEWISVILLE TX: 83753.23,866.0
281,LUBBOCK TX,50170.0,75622.22222222223,-101.85516650000001,33.5778631,TX,284640.68,LUBBOCK TX: 50170.0,564.0
282,MCKINNEY TX,79152.53,75622.2222222221,-96.6154471,33.197649600000034,TX,284640.68,MCKINNEY TX: 79152.53,966.0
283,PLANO TX,84754.86,75622.22222222347,-96.69250960000112,33.01367640000072,TX,284640.68,PLANO TX: 84754.86,990.0
285,RICHARDSON TX,84381.82,75622.22222222325,-96.72972060000026,32.948178899999675,TX,284640.68,RICHARDSON TX: 84381.82,907.0
287,ROUND ROCK TX,81538.3,75622.22222222212,-97.67889339999992,30.50823500000001,TX,284640.68,ROUND ROCK TX: 81538.3,1060.0
289,SAN ANTONIO TX,87105.86,75622.22222222209,-96.12972199999982,18.174166999999954,TX,284640.68,SAN ANTONIO TX: 87105.86,700.0
292,SPRING TX,76136.64,75622.22222222223,-99.51209859999996,31.81603810000001,TX,284640.68,SPRING TX: 76136.64,996.0
294,SUGAR LAND TX,89677.52,75622.22222222206,-95.63494630000028,29.61967869999992,TX,284640.68,SUGAR LAND TX: 89677.52,1145.0
296,TEMPLE TX,68453.0,75622.22222222223,-97.34278470000001,31.098207000000002,TX,284640.68,TEMPLE TX: 68453.0,594.0
297,THE COLONY TX,82214.2,75622.22222222215,-96.88639220000003,33.08900939999997,TX,284640.68,THE COLONY TX: 82214.2,1022.0
301,WEBSTER TX,90002.0,75622.22222222223,-95.1182645,29.5377315,TX,284640.68,WEBSTER TX: 90002.0,880.0
310,BOSTON MA,88223.8,70000.0,-71.05829120000043,42.360253400000104,MA,408025.84,BOSTON MA: 88223.8,1508.0
314,CAMBRIDGE MA,87837.5,70000.0,-71.10561569999993,42.375099700000014,MA,408025.84,CAMBRIDGE MA: 87837.5,1632.0
317,DANVERS MA,84687.5,70000.0,-70.9300507,42.5750946,MA,408025.84,DANVERS MA: 84687.5,1574.0
321,FRAMINGHAM MA,85520.25,70000.0,-71.41617199999999,42.279262499999994,MA,408025.84,FRAMINGHAM MA: 85520.25,1360.0
331,LOWELL MA,85829.0,70000.0,-71.3161718,42.633424700000006,MA,408025.84,LOWELL MA: 85829.0,1089.0
350,QUINCY MA,77844.0,70000.0,-71.0022705,42.25287720000001,MA,408025.84,QUINCY MA: 77844.0,1351.0
368,WORCESTER MA,82079.16,70000.0,-71.80229340000004,42.26259320000005,MA,408025.84,WORCESTER MA: 82079.16,877.0
370,AMES IA,73631.78,73000.0,-93.61705540000001,42.0267703,IA,190143.75,AMES IA: 73631.78,650.0
372,CEDAR RAPIDS IA,72023.44,73000.0,-91.67040530000008,41.97588720000006,IA,190143.75,CEDAR RAPIDS IA: 72023.44,571.0
374,DAVENPORT IA,85342.0,73000.0,-90.57763680000001,41.5236436,IA,190143.75,DAVENPORT IA: 85342.0,509.0
375,DES MOINES IA,79674.12,73000.0,-93.60371490000001,41.59106409999999,IA,190143.75,DES MOINES IA: 79674.12,555.0
387,ANAHEIM CA,90584.0,73928.57142857142,-117.91173199999999,33.8347516,CA,625996.33,ANAHEIM CA: 90584.0,1410.0
390,BELMONT CA,102669.0,73928.57142857142,-122.27580079999998,37.5202145,CA,625996.33,BELMONT CA: 102669.0,2299.0
391,BENICIA CA,117333.0,73928.57142857142,-122.1585777,38.049365,CA,625996.33,BENICIA CA: 117333.0,1066.0
401,CAMARILLO CA,90453.88,73928.57142857142,-119.03765729999999,34.2164099,CA,625996.33,CAMARILLO CA: 90453.88,1542.0
402,CAMPBELL CA,107268.4,73928.57142857138,-121.94488180000006,37.28706259999996,CA,625996.33,CAMPBELL CA: 107268.4,1642.0
405,CARLSBAD CA,92906.45,73928.57142857139,-117.35059659999997,33.15809330000001,CA,625996.33,CARLSBAD CA: 92906.45,1747.0
410,CHICO CA,82930.0,73928.57142857142,-121.8374777,39.728494500000004,CA,625996.33,CHICO CA: 82930.0,789.0
411,CHINO CA,74027.0,73928.57142857142,-117.690075,34.013356099999996,CA,625996.33,CHINO CA: 74027.0,1064.0
414,COSTA MESA CA,91351.23,73928.57142857139,-117.903317,33.66333859999999,CA,625996.33,COSTA MESA CA: 91351.23,1537.0
430,FREMONT CA,97059.09,73928.57142857273,-121.98857190000102,37.54826970000048,CA,625996.33,FREMONT CA: 97059.09,2419.0
431,FRESNO CA,64771.0,73928.57142857142,-119.708861260756,36.7295295,CA,625996.33,FRESNO CA: 64771.0,796.0
432,FULLERTON CA,51968.5,73928.57142857142,-117.9294165,33.870821500000005,CA,625996.33,FULLERTON CA: 51968.5,1325.0
433,GARDEN GROVE CA,98384.0,73928.57142857142,-117.9463717,33.7746292,CA,625996.33,GARDEN GROVE CA: 98384.0,1375.0
435,GILROY CA,71313.0,73928.57142857142,-121.5631723,37.0065078,CA,625996.33,GILROY CA: 71313.0,1625.0
436,GLENDALE CA,83545.81,73928.57142857139,-118.24859599999996,34.142497999999996,CA,625996.33,GLENDALE CA: 83545.81,1177.0
441,HAYWARD CA,88625.25,73928.57142857139,-122.08079640000003,37.66882050000001,CA,625996.33,HAYWARD CA: 88625.25,1804.0
448,LA MIRADA CA,71074.0,73928.57142857142,-118.0107092,33.906097100000004,CA,625996.33,LA MIRADA CA: 71074.0,1590.0
454,LONG BEACH CA,86530.86,73928.57142857142,-118.19160480000002,33.7690164,CA,625996.33,LONG BEACH CA: 86530.86,1164.0
458,LOS ANGELES CA,90848.98,73928.57142857154,-118.24276660000018,34.05369090000007,CA,625996.33,LOS ANGELES CA: 90848.98,1150.0
484,NOVATO CA,91283.07,73928.57142857139,-122.56811909999993,38.10619789999999,CA,625996.33,NOVATO CA: 91283.07,2183.0
487,ONTARIO CA,70096.0,73928.57142857142,-117.6484304,34.065846,CA,625996.33,ONTARIO CA: 70096.0,1016.0
488,ORANGE CA,76096.75,73928.57142857142,-117.87049309999999,33.750037799999994,CA,625996.33,ORANGE CA: 76096.75,1505.0
490,PALO ALTO CA,112267.73,73928.57142857114,-122.1598464999994,37.44432930000024,CA,625996.33,PALO ALTO CA: 112267.73,2140.0
492,PASADENA CA,86519.14,73928.57142857139,-118.14447790000001,34.14764520000002,CA,625996.33,PASADENA CA: 86519.14,1369.0
494,PITTSBURG CA,83970.0,73928.57142857142,-121.8901232,38.0181745,CA,625996.33,PITTSBURG CA: 83970.0,2080.0
496,PLEASANTON CA,93641.19,73928.5714285714,-121.87467889999974,37.66243120000003,CA,625996.33,PLEASANTON CA: 93641.19,2350.0
500,REDLANDS CA,82028.0,73928.57142857142,-117.18889610000001,34.055735,CA,625996.33,REDLANDS CA: 82028.0,779.0
501,REDWOOD CITY CA,107878.92,73928.57142857146,-122.23252329999973,37.486323899999995,CA,625996.33,REDWOOD CITY CA: 107878.92,2285.0
504,SACRAMENTO CA,86712.31,73928.57142857145,-121.49439960000012,38.58157190000003,CA,625996.33,SACRAMENTO CA: 86712.31,867.0
507,SAN DIEGO CA,88172.04,73928.57142857139,-117.16277140000001,32.717420900000086,CA,625996.33,SAN DIEGO CA: 88172.04,1425.0
508,SAN FRANCISCO CA,117766.76,73928.5714285699,-122.41923629999599,37.77928080000035,CA,625996.33,SAN FRANCISCO CA: 117766.76,2008.0
509,SAN JOSE CA,106360.78,73928.57142857273,-121.89058330000168,37.33619049999926,CA,625996.33,SAN JOSE CA: 106360.78,1797.0
512,SAN MARCOS CA,70346.0,73928.57142857142,-117.1661449,33.1433723,CA,625996.33,SAN MARCOS CA: 70346.0,1415.0
513,SAN MATEO CA,104725.17,73928.57142857125,-122.33305729999945,37.49690399999983,CA,625996.33,SAN MATEO CA: 104725.17,2873.0
515,SAN RAMON CA,95188.48,73928.57142857138,-121.9780152999996,37.77992730000005,CA,625996.33,SAN RAMON CA: 95188.48,2470.0
516,SANTA ANA CA,91910.85,73928.57142857138,-117.87322129999994,33.749495100000004,CA,625996.33,SANTA ANA CA: 91910.85,1212.0
518,SANTA CLARA CA,108350.86,73928.57142857216,-121.95517440000194,37.354113199999865,CA,625996.33,SANTA CLARA CA: 108350.86,1894.0
520,SANTA CLARITA CA,62712.0,73928.57142857142,-118.54258600000001,34.3916641,CA,625996.33,SANTA CLARITA CA: 62712.0,1766.0
521,SANTA CRUZ CA,92369.13,73928.57142857139,-121.99059080000005,37.05009600000001,CA,625996.33,SANTA CRUZ CA: 92369.13,1561.0
529,STOCKTON CA,85163.11,73928.57142857138,-121.29077959999996,37.95770160000002,CA,625996.33,STOCKTON CA: 85163.11,826.0
532,THOUSAND OAKS CA,85247.14,73928.57142857142,-118.91058772974398,34.17142715,CA,625996.33,THOUSAND OAKS CA: 85247.14,1734.0
533,TORRANCE CA,88012.62,73928.57142857142,-118.34062879999999,33.835849200000006,CA,625996.33,TORRANCE CA: 88012.62,1359.0
541,WALNUT CREEK CA,102254.15,73928.57142857138,-122.06187020000004,37.90207310000003,CA,625996.33,WALNUT CREEK CA: 102254.15,2016.0
553,CINCINNATI OH,72041.05,72066.66666666673,-84.51246019999988,39.10145370000006,OH,170655.39,CINCINNATI OH: 72041.05,557.0
555,COLUMBUS OH,85923.88,72066.66666666679,-83.00070650000012,39.96226010000007,OH,170655.39,COLUMBUS OH: 85923.88,636.0
556,DAYTON OH,82812.35,72066.66666666676,-84.19160689999991,39.758947799999994,OH,170655.39,DAYTON OH: 82812.35,590.0
560,HAMILTON OH,79620.0,72066.66666666669,-84.55018740000001,39.2085354,OH,170655.39,HAMILTON OH: 79620.0,545.0
569,MENTOR OH,68328.0,72066.66666666669,-81.339552,41.666157299999995,OH,170655.39,MENTOR OH: 68328.0,707.0
570,MIAMISBURG OH,97374.74,72066.66666666673,-84.28660829999995,39.642836200000026,OH,170655.39,MIAMISBURG OH: 97374.74,645.0
582,TOLEDO OH,70013.0,72066.66666666669,-83.51272829999999,41.678675399999996,OH,170655.39,TOLEDO OH: 70013.0,493.0
589,ALBUQUERQUE NM,80010.6,73333.33333333337,-106.65098509999963,35.084103399999904,NM,222500.0,ALBUQUERQUE NM: 80010.6,563.0
593,ALEXANDRIA VA,86451.44,73000.0,-77.09024765272719,38.8147596,VA,344285.34,ALEXANDRIA VA: 86451.44,1539.0
594,ARLINGTON VA,80826.43,73000.0,-77.08930940000003,38.876932600000025,VA,344285.34,ARLINGTON VA: 80826.43,1749.0
600,CENTREVILLE VA,88919.96,73000.0,-77.42887689999999,38.840390899999996,VA,344285.34,CENTREVILLE VA: 88919.96,1609.0
602,CHARLOTTESVILLE VA,76631.4,73000.0,-78.4766781,38.029306,VA,344285.34,CHARLOTTESVILLE VA: 76631.4,813.0
617,NEWPORT NEWS VA,82423.33,73000.0,-76.4321089,36.9786449,VA,344285.34,NEWPORT NEWS VA: 82423.33,841.0
618,NORFOLK VA,61838.0,73000.0,-76.2929252,36.846292299999995,VA,344285.34,NORFOLK VA: 61838.0,792.0
622,RICHMOND VA,87348.76,73000.0,-77.43427999999989,37.53850870000015,VA,344285.34,RICHMOND VA: 87348.76,858.0
628,VIRGINIA BEACH VA,69638.0,73000.0,-75.9774183,36.8529841,VA,344285.34,VIRGINIA BEACH VA: 69638.0,1084.0
630,ANN ARBOR MI,83906.77,75966.66666666663,-83.73122909999992,42.268156899999966,MI,201113.94,ANN ARBOR MI: 83906.77,1017.0
631,AUBURN HILLS MI,80930.91,75966.66666666669,-83.23093761300198,42.66474949999998,MI,201113.94,AUBURN HILLS MI: 80930.91,776.0
636,BRIGHTON MI,58454.67,75966.66666666669,-83.78464579999999,42.5316918,MI,201113.94,BRIGHTON MI: 58454.67,758.0
640,DEARBORN MI,75322.86,75966.66666666672,-83.1763145,42.3222599,MI,201113.94,DEARBORN MI: 75322.86,864.0
641,DETROIT MI,77951.3,75966.66666666669,60.70543530000013,55.75433200000018,MI,201113.94,DETROIT MI: 77951.3,569.0
644,FLINT MI,59946.0,75966.66666666669,-83.7236024,43.0171773,MI,201113.94,FLINT MI: 59946.0,460.0
647,GRAND LEDGE MI,71482.67,75966.66666666669,-84.7463757,42.7533685,MI,201113.94,GRAND LEDGE MI: 71482.67,481.0
648,GRAND RAPIDS MI,85281.31,75966.66666666669,-85.66786390000004,42.96324049999999,MI,201113.94,GRAND RAPIDS MI: 85281.31,617.0
650,JACKSON MI,90480.0,75966.66666666669,-84.425589,42.2416466,MI,201113.94,JACKSON MI: 90480.0,498.0
652,LIVONIA MI,85618.35,75966.66666666672,-83.3527097,42.36837000000007,MI,201113.94,LIVONIA MI: 85618.35,772.0
653,MADISON HEIGHTS MI,64084.5,75966.66666666669,-83.10520279999999,42.4858692,MI,201113.94,MADISON HEIGHTS MI: 64084.5,706.0
655,MIDLAND MI,90002.0,75966.66666666669,-84.3840821,43.634525,MI,201113.94,MIDLAND MI: 90002.0,486.0
662,PONTIAC MI,80459.75,75966.66666666669,-83.2910468,42.6389216,MI,201113.94,PONTIAC MI: 80459.75,605.0
666,ROMULUS MI,84240.0,75966.66666666669,-83.3965995,42.2222614,MI,201113.94,ROMULUS MI: 84240.0,553.0
667,SAGINAW MI,51272.0,75966.66666666669,-83.9490365,43.420038700000006,MI,201113.94,SAGINAW MI: 51272.0,501.0
669,SOUTHFIELD MI,81893.37,75966.66666666669,-83.22187309999991,42.4733689000001,MI,201113.94,SOUTHFIELD MI: 81893.37,761.0
671,STERLING HEIGHTS MI,76190.62,75966.66666666669,-83.0302033,42.5803122,MI,201113.94,STERLING HEIGHTS MI: 76190.62,686.0
672,TAYLOR MI,61963.0,75966.66666666669,-83.2696509,42.240871999999996,MI,201113.94,TAYLOR MI: 61963.0,568.0
673,TROY MI,77777.97,75966.66666666685,-83.14993039999987,42.6055892999998,MI,201113.94,TROY MI: 77777.97,841.0
679,YPSILANTI MI,85254.12,75966.66666666669,-83.6171426940706,42.242529999999995,MI,201113.94,YPSILANTI MI: 85254.12,815.0
705,ERIE PA,80260.33,72000.0,-80.0852695,42.129471200000005,PA,228339.19,ERIE PA: 80260.33,552.0
711,HARRISBURG PA,71917.15,72000.0,-76.88611220000003,40.26631069999999,PA,228339.19,HARRISBURG PA: 71917.15,673.0
715,LANCASTER PA,60105.0,72000.0,-76.2411283,40.08067,PA,228339.19,LANCASTER PA: 60105.0,675.0
730,PHILADELPHIA PA,84179.92,72000.0,-75.16352619999999,39.952723699999986,PA,228339.19,PHILADELPHIA PA: 84179.92,821.0
731,PITTSBURGH PA,81422.39,72000.0,-79.99008609999994,40.44169409999996,PA,228339.19,PITTSBURGH PA: 81422.39,636.0
744,ALPHARETTA GA,80452.29,75000.0,-84.2747328999988,34.07095760000061,GA,232709.41,ALPHARETTA GA: 80452.29,1213.0
746,ATLANTA GA,80215.81,75000.0,-84.3901849000006,33.749098699999905,GA,232709.41,ATLANTA GA: 80215.81,995.0
750,CARROLLTON GA,58510.0,75000.0,-85.0766113,33.580110299999994,GA,232709.41,CARROLLTON GA: 58510.0,692.0
755,DULUTH GA,84390.99,75000.0,-84.14410459999999,34.00285689999998,GA,232709.41,DULUTH GA: 84390.99,1240.0
759,JONESBORO GA,82098.0,75000.0,-84.3538128,33.521501300000004,GA,232709.41,JONESBORO GA: 82098.0,1022.0
761,LAWRENCEVILLE GA,80688.14,75000.0,-83.98796249999998,33.9562149,GA,232709.41,LAWRENCEVILLE GA: 80688.14,1148.0
765,NORCROSS GA,83058.25,75000.0,-84.21353089999981,33.941212700000044,GA,232709.41,NORCROSS GA: 83058.25,1156.0
770,ROSWELL GA,82679.14,75000.0,-84.3600219999999,34.023319999999956,GA,232709.41,ROSWELL GA: 82679.14,1210.0
772,SAVANNAH GA,74194.0,75000.0,-81.09117679999999,32.0809263,GA,232709.41,SAVANNAH GA: 74194.0,807.0
773,SUWANEE GA,87895.09,75000.0,-84.07129969999997,34.05148980000003,GA,232709.41,SUWANEE GA: 87895.09,1581.0
775,ALTAMONTE SPRINGS FL,79037.42,70550.0,-81.37626861372104,28.6649055,FL,250198.17,ALTAMONTE SPRINGS FL: 79037.42,963.0
776,BOCA RATON FL,85776.59,70550.0,-80.08309839999997,26.35868849999998,FL,250198.17,BOCA RATON FL: 85776.59,1223.0
777,BRANDON FL,70595.5,70550.0,-82.2859247,27.937801,FL,250198.17,BRANDON FL: 70595.5,899.0
778,CAPE CORAL FL,59259.0,70550.0,-81.9806771,26.6059432,FL,250198.17,CAPE CORAL FL: 59259.0,844.0
780,CLEARWATER FL,75197.06,70550.0,-82.80010260000014,27.965853300000074,FL,250198.17,CLEARWATER FL: 75197.06,860.0
786,DEERFIELD BEACH FL,55661.0,70550.0,-80.0996306,26.318341999999998,FL,250198.17,DEERFIELD BEACH FL: 55661.0,972.0
787,DELRAY BEACH FL,69722.0,70550.0,-80.07282009999999,26.4614625,FL,250198.17,DELRAY BEACH FL: 69722.0,973.0
790,FORT LAUDERDALE FL,73982.4,70550.0,-80.14337859999999,26.122308399999998,FL,250198.17,FORT LAUDERDALE FL: 73982.4,922.0
793,GAINESVILLE FL,59275.6,70550.0,-82.3249961,29.6519396,FL,250198.17,GAINESVILLE FL: 59275.6,689.0
794,HOLLYWOOD FL,100762.33,70550.0,-80.1494901,26.0112014,FL,250198.17,HOLLYWOOD FL: 100762.33,911.0
796,JACKSONVILLE FL,75034.71,70550.0,-81.65565099999976,30.332183800000077,FL,250198.17,JACKSONVILLE FL: 75034.71,695.0
797,JUPITER FL,76779.67,70550.0,-80.1210891406095,26.926083200000004,FL,250198.17,JUPITER FL: 76779.67,1081.0
798,LAKE MARY FL,79111.29,70550.0,-81.33888382214171,28.756618,FL,250198.17,LAKE MARY FL: 79111.29,1225.0
800,LAKELAND FL,90376.0,70550.0,-81.9498042,28.039465399999997,FL,250198.17,LAKELAND FL: 90376.0,815.0
806,MELBOURNE FL,84114.25,70550.0,-80.60810889999999,28.083626900000006,FL,250198.17,MELBOURNE FL: 84114.25,781.0
808,MIAMI FL,81567.69,70550.0,-80.1936588999998,25.77426579999998,FL,250198.17,MIAMI FL: 81567.69,879.0
809,MIAMI GARDENS FL,88587.0,70550.0,-80.2397528099553,25.94207545,FL,250198.17,MIAMI GARDENS FL: 88587.0,924.0
814,NEW PORT RICHEY FL,71365.0,70550.0,-82.7192671,28.244176799999998,FL,250198.17,NEW PORT RICHEY FL: 71365.0,725.0
816,NORTH PORT FL,67808.0,70550.0,-82.23592540000001,27.044224,FL,250198.17,NORTH PORT FL: 67808.0,841.0
818,ORLANDO FL,82225.87,70550.0,-81.37903040000013,28.542110899999944,FL,250198.17,ORLANDO FL: 82225.87,989.0
819,PALM BAY FL,74875.8,70550.0,-80.64296949999999,28.0331886,FL,250198.17,PALM BAY FL: 74875.8,668.0
823,POMPANO BEACH FL,62442.0,70550.0,-80.1247667,26.2378597,FL,250198.17,POMPANO BEACH FL: 62442.0,937.0
824,SARASOTA FL,70248.67,70550.0,-82.5306527,27.3364347,FL,250198.17,SARASOTA FL: 70248.67,1012.0
827,ST. PETERSBURG FL,74018.52,70550.0,-82.66950849999996,27.770379600000005,FL,250198.17,ST. PETERSBURG FL: 74018.52,844.0
829,TALLAHASSEE FL,70294.0,70550.0,-84.2809332,30.438083199999998,FL,250198.17,TALLAHASSEE FL: 70294.0,776.0
830,TAMPA FL,79898.5,70550.0,-82.4584439999999,27.947759499999922,FL,250198.17,TAMPA FL: 79898.5,906.0
831,TARPON SPRINGS FL,72216.35,70550.0,-82.74380159717917,28.148082949999985,FL,250198.17,TARPON SPRINGS FL: 72216.35,786.0
835,WEST PALM BEACH FL,83366.0,70550.0,-80.0533746,26.7153425,FL,250198.17,WEST PALM BEACH FL: 83366.0,886.0
839,WINTER PARK FL,80682.5,70550.0,-81.3427438436485,28.6000625,FL,250198.17,WINTER PARK FL: 80682.5,969.0
841,ANCHORAGE AK,64812.5,97800.0,-149.8948523,61.2163129,AK,336055.56,ANCHORAGE AK: 64812.5,731.0
844,COLUMBIA SC,80119.22,73000.0,-81.0343313,34.0007493,SC,215814.61,COLUMBIA SC: 80119.22,675.0
846,FORT MILL SC,79532.0,73000.0,-80.9450759,35.007369700000005,SC,215814.61,FORT MILL SC: 79532.0,915.0
847,GREENVILLE SC,61713.8,73000.0,-82.39848819999999,34.85135400000001,SC,215814.61,GREENVILLE SC: 61713.8,654.0
849,ROCK HILL SC,82430.29,73000.0,-81.0250784,34.9248667,SC,215814.61,ROCK HILL SC: 82430.29,782.0
857,BURNSVILLE MN,97934.8,75000.0,-93.27772259999999,44.7677424,MN,259161.54,BURNSVILLE MN: 97934.8,916.0
860,EDEN PRAIRIE MN,94681.43,75000.0,-93.470786,44.854685599999996,MN,259161.54,EDEN PRAIRIE MN: 94681.43,1167.0
865,MINNEAPOLIS MN,80064.64,75000.0,-93.26546919999986,44.977299499999944,MN,259161.54,MINNEAPOLIS MN: 80064.64,740.0
866,MINNETONKA MN,82839.0,75000.0,-93.499059,44.91272289999999,MN,259161.54,MINNETONKA MN: 82839.0,989.0
878,ST. PAUL MN,74852.33,75000.0,-93.10150259999999,44.9504037,MN,259161.54,ST. PAUL MN: 74852.33,797.0
885,MADISON WI,86117.95,74600.0,-72.67227019999999,-37.8145485,WI,218785.56,MADISON WI: 86117.95,702.0
888,MILWAUKEE WI,87351.6,74600.0,-87.92249699999999,43.0349931,WI,218785.56,MILWAUKEE WI: 87351.6,599.0
902,AURORA IL,85442.22,79650.0,-88.31475390000004,41.75717009999999,IL,234123.53,AURORA IL: 85442.22,970.0
905,BLOOMINGTON IL,76754.1,79650.0,-88.99414029999997,40.47310730000002,IL,234123.53,BLOOMINGTON IL: 76754.1,544.0
906,BOLINGBROOK IL,86120.71,79650.0,-88.07177079999998,41.7003302,IL,234123.53,BOLINGBROOK IL: 86120.71,1133.0
907,BUFFALO GROVE IL,85594.56,79650.0,-87.95979399999993,42.15141459999998,IL,234123.53,BUFFALO GROVE IL: 85594.56,1157.0
909,CALUMET CITY IL,67309.0,79650.0,-87.5295837,41.616015999999995,IL,234123.53,CALUMET CITY IL: 67309.0,756.0
910,CARBONDALE IL,45573.0,79650.0,-89.216655,37.7274692,IL,234123.53,CARBONDALE IL: 45573.0,535.0
912,CHICAGO IL,90699.5,79650.0,-87.62442120000065,41.875561600000744,IL,234123.53,CHICAGO IL: 90699.5,940.0
914,DES PLAINES IL,73259.96,79650.0,-87.88739160000002,42.04158229999998,IL,234123.53,DES PLAINES IL: 73259.96,844.0
920,ELGIN IL,73249.22,79650.0,-88.28109939999995,42.037259999999975,IL,234123.53,ELGIN IL: 73249.22,857.0
923,EVANSTON IL,85909.25,79650.0,-87.6930459,42.0447388,IL,234123.53,EVANSTON IL: 85909.25,1140.0
941,NORMAL IL,70954.14,79650.0,-88.99448149999999,40.5117699,IL,234123.53,NORMAL IL: 70954.14,579.0
949,PEORIA IL,74374.0,79650.0,-89.5891008,40.6938609,IL,234123.53,PEORIA IL: 74374.0,557.0
954,ROCKFORD IL,66810.0,79650.0,-89.09396600000001,42.2713945,IL,234123.53,ROCKFORD IL: 66810.0,551.0
958,SCHAUMBURG IL,85631.45,79650.0,-88.08340600000058,42.03336080000007,IL,234123.53,SCHAUMBURG IL: 85631.45,1231.0
961,SPRINGFIELD IL,82067.82,79650.0,-89.64395749999969,39.7990175,IL,234123.53,SPRINGFIELD IL: 82067.82,487.0
971,BIRMINGHAM AL,87408.32,73937.5,-86.80243259999999,33.52068239999998,AL,194632.84,BIRMINGHAM AL: 87408.32,738.0
972,DECATUR AL,59654.0,73937.5,-86.9090558102423,34.5425325,AL,194632.84,DECATUR AL: 59654.0,484.0
973,HUNTSVILLE AL,59500.0,73937.5,-86.5859011,34.729847,AL,194632.84,HUNTSVILLE AL: 59500.0,588.0
974,MADISON AL,60029.0,73937.5,-86.5675095,34.7736807,AL,194632.84,MADISON AL: 60029.0,681.0
975,MONTGOMERY AL,75837.0,73937.5,-86.3006485,32.3669656,AL,194632.84,MONTGOMERY AL: 75837.0,618.0
977,TUSCALOOSA AL,77819.67,73937.5,-87.5675258,33.2095614,AL,194632.84,TUSCALOOSA AL: 77819.67,658.0
987,MANCHESTER NH,84472.06,73000.0,-71.45478909999999,42.9956397,NH,294250.0,MANCHESTER NH: 84472.06,917.0
998,AURORA CO,81654.54,75000.0,-104.83191960000013,39.72943200000003,CO,395512.14,AURORA CO: 81654.54,1022.0
1000,BROOMFIELD CO,88665.93,75000.0,-105.06914640000004,39.920382700000005,CO,395512.14,BROOMFIELD CO: 88665.93,1166.0
1002,COLORADO SPRINGS CO,81245.0,75000.0,-104.82534849999999,38.8339578,CO,395512.14,COLORADO SPRINGS CO: 81245.0,810.0
1003,DENVER CO,79706.93,75000.0,-104.98486230000002,39.739236399999996,CO,395512.14,DENVER CO: 79706.93,875.0
1010,LONGMONT CO,75386.0,75000.0,-105.10192869999999,40.1672117,CO,395512.14,LONGMONT CO: 75386.0,936.0
1014,WESTMINSTER CO,78046.38,75000.0,-105.03720459999988,39.83665279999998,CO,395512.14,WESTMINSTER CO: 78046.38,1061.0
1019,BRISTOL CT,82909.0,78250.0,-72.9464859,41.6735209,CT,292529.51,BRISTOL CT: 82909.0,689.0
1021,DANBURY CT,70782.0,78250.0,-73.45401109999999,41.394816999999996,CT,292529.51,DANBURY CT: 70782.0,981.0
1032,HARTFORD CT,99791.33,78250.0,-72.6908547,41.764582,CT,292529.51,HARTFORD CT: 99791.33,675.0
1036,NEW HAVEN CT,80330.0,78250.0,-72.92505179999999,41.3082138,CT,292529.51,NEW HAVEN CT: 80330.0,948.0
1038,NEWINGTON CT,71510.0,78250.0,-72.7237063,41.6978777,CT,292529.51,NEWINGTON CT: 71510.0,847.0
1049,STAMFORD CT,91951.48,78250.0,-73.53873410000001,41.0534302,CT,292529.51,STAMFORD CT: 91951.48,1262.0
1058,BALLWIN MO,85003.17,72500.0,-90.5385549,38.59360279999999,MO,219627.16,BALLWIN MO: 85003.17,923.0
1060,JEFFERSON CITY MO,70522.0,72500.0,-92.1724265,38.577359,MO,219627.16,JEFFERSON CITY MO: 70522.0,479.0
1061,KANSAS CITY MO,69644.38,72500.0,-94.5781416,39.10010499999999,MO,219627.16,KANSAS CITY MO: 69644.38,587.0
1066,MARYLAND HEIGHTS MO,85425.5,72500.0,-90.435999,38.7150511,MO,219627.16,MARYLAND HEIGHTS MO: 85425.5,756.0
1074,SPRINGFIELD MO,88566.0,72500.0,-93.2920373,37.2166779,MO,219627.16,SPRINGFIELD MO: 88566.0,493.0
1077,ST. LOUIS MO,89505.72,72500.0,-90.19940970000006,38.626803899999985,MO,219627.16,ST. LOUIS MO: 89505.72,638.0
1086,CHATTANOOGA TN,92861.67,63500.0,-85.3096801,35.0456297,TN,222594.37,CHATTANOOGA TN: 92861.67,634.0
1089,GALLATIN TN,76211.0,63500.0,-86.44758979999999,36.3883031,TN,222594.37,GALLATIN TN: 76211.0,775.0
1090,MEMPHIS TN,61803.66,63500.0,-90.05162849999986,35.14902150000001,TN,222594.37,MEMPHIS TN: 61803.66,631.0
1091,NASHVILLE TN,90856.56,63500.0,-86.7743531,36.162229599999996,TN,222594.37,NASHVILLE TN: 90856.56,849.0
1092,BATON ROUGE LA,61098.0,75875.0,-91.18738,30.445959600000002,LA,208086.76,BATON ROUGE LA: 61098.0,632.0
1097,METAIRIE LA,71438.29,75875.0,-90.17671491598875,30.001851999999996,LA,208086.76,METAIRIE LA: 71438.29,680.0
1098,MONROE LA,50939.0,75875.0,-92.1193012,32.5093109,LA,208086.76,MONROE LA: 50939.0,635.0
1099,NEW ORLEANS LA,65639.75,75875.0,-90.0701156,29.949932300000004,LA,208086.76,NEW ORLEANS LA: 65639.75,685.0
1111,BEAVERTON OR,85171.02,74375.0,-122.80378039999985,45.48717230000006,OR,361118.49,BEAVERTON OR: 85171.02,1388.0
1112,BEND OR,87942.5,74375.0,-121.31530959999999,44.058172799999994,OR,361118.49,BEND OR: 87942.5,786.0
1113,EUGENE OR,60304.5,74375.0,-123.09505060000001,44.0505054,OR,361118.49,EUGENE OR: 60304.5,695.0
1119,PORTLAND OR,87269.0,74375.0,-122.67419489999999,45.5202471,OR,361118.49,PORTLAND OR: 87269.0,1013.0
1120,SPRINGFIELD OR,78811.0,74375.0,-123.02202890000001,44.0462362,OR,361118.49,SPRINGFIELD OR: 78811.0,631.0
1122,BELLEVUE WA,91519.59,77000.0,-122.19233720000054,47.614421900000444,WA,435737.37,BELLEVUE WA: 91519.59,1683.0
1126,FEDERAL WAY WA,97024.11,77000.0,-122.33931029999998,47.313494,WA,435737.37,FEDERAL WAY WA: 97024.11,1227.0
1131,PUYALLUP WA,89377.82,77000.0,-122.29214060000001,47.184900899999995,WA,435737.37,PUYALLUP WA: 89377.82,1385.0
1133,RENTON WA,89832.08,77000.0,-122.20344960000004,47.479907799999985,WA,435737.37,RENTON WA: 89832.08,1485.0
1135,SEATTLE WA,106538.23,77000.0,-122.33006240000026,47.603832099999785,WA,435737.37,SEATTLE WA: 106538.23,1178.0
1137,VANCOUVER WA,78239.0,77000.0,-122.67445570000001,45.63069539999999,WA,435737.37,VANCOUVER WA: 78239.0,1280.0
1139,YAKIMA WA,83013.0,77000.0,-120.51084209999999,46.601557,WA,435737.37,YAKIMA WA: 83013.0,604.0
1140,BENTONVILLE AR,84044.33,75000.0,-94.20881720000028,36.37285379999973,AR,173202.22,BENTONVILLE AR: 84044.33,633.0
1142,LITTLE ROCK AR,74187.54,75000.0,-92.28959480000002,34.74648090000003,AR,173202.22,LITTLE ROCK AR: 74187.54,626.0
1147,BLOOMINGTON IN,70828.2,66666.66666666669,-86.5342881,39.1670396,IN,185350.0,BLOOMINGTON IN: 70828.2,694.0
1151,COLUMBUS IN,67088.2,66666.66666666669,-85.9213796,39.201440500000004,IN,185350.0,COLUMBUS IN: 67088.2,664.0
1152,EVANSVILLE IN,62868.0,66666.66666666669,-87.5558483,37.9747645,IN,185350.0,EVANSVILLE IN: 62868.0,626.0
1154,FORT WAYNE IN,60789.5,66666.66666666669,-85.13860150000001,41.0799898,IN,185350.0,FORT WAYNE IN: 60789.5,527.0
1155,HAMMOND IN,85634.0,66666.66666666669,-87.500043,41.5833658,IN,185350.0,HAMMOND IN: 85634.0,727.0
1156,INDIANAPOLIS IN,73503.77,66666.66666666663,-86.15835020000003,39.76833309999999,IN,185350.0,INDIANAPOLIS IN: 73503.77,606.0
1159,PLAINFIELD IN,52595.67,66666.66666666669,-86.3994387,39.704212299999995,IN,185350.0,PLAINFIELD IN: 52595.67,700.0
1161,WEST LAFAYETTE IN,57290.42,66666.6666666667,-86.9080655,40.4258686,IN,185350.0,WEST LAFAYETTE IN: 57290.42,681.0
1162,BOWLING GREEN KY,75411.56,72500.0,-86.4436018,36.990319899999996,KY,186810.29,BOWLING GREEN KY: 75411.56,529.0
1165,FRANKFORT KY,77168.0,72500.0,-84.8732836,38.2009055,KY,186810.29,FRANKFORT KY: 77168.0,543.0
1166,LEXINGTON KY,94640.0,72500.0,-84.4970393,38.0464066,KY,186810.29,LEXINGTON KY: 94640.0,585.0
1167,LOUISVILLE KY,80961.77,72500.0,-85.75940699999967,38.254237600000074,KY,186810.29,LOUISVILLE KY: 80961.77,583.0
1168,CARY NC,79636.05,69780.0,-78.78119639999998,35.788304600000025,NC,231387.36,CARY NC: 79636.05,921.0
1170,CHARLOTTE NC,84583.24,69780.0,-80.8431267999993,35.22708690000021,NC,231387.36,CHARLOTTE NC: 84583.24,893.0
1175,GREENSBORO NC,71220.27,69780.0,-79.79197539999997,36.07263550000001,NC,231387.36,GREENSBORO NC: 71220.27,669.0
1176,GREENVILLE NC,75400.0,69780.0,-77.3663538,35.612660999999996,NC,231387.36,GREENVILLE NC: 75400.0,700.0
1177,MATTHEWS NC,101317.0,69780.0,-80.723718,35.117087299999994,NC,231387.36,MATTHEWS NC: 101317.0,1096.0
1179,MORRISVILLE NC,81621.53,69780.0,-78.83003210000005,35.824341,NC,231387.36,MORRISVILLE NC: 81621.53,977.0
1181,RALEIGH NC,83180.01,69780.0,-78.63909890000008,35.780397699999995,NC,231387.36,RALEIGH NC: 83180.01,817.0
1186,WINSTON-SALEM NC,67148.5,69780.0,-80.2440518,36.0998131,NC,231387.36,WINSTON-SALEM NC: 67148.5,653.0
1195,LOGAN UT,55088.5,80000.0,-111.8348631,41.7313447,UT,381184.0,LOGAN UT: 55088.5,451.0
1196,MIDVALE UT,79119.1,80000.0,-111.89993530000001,40.611058899999996,UT,381184.0,MIDVALE UT: 79119.1,799.0
1203,SALT LAKE CITY UT,79764.14,80000.0,-111.89043080000005,40.767012600000015,UT,381184.0,SALT LAKE CITY UT: 79764.14,709.0
1209,CHANDLER AZ,82032.37,71200.0,-111.84133170000032,33.30622229999992,AZ,268524.24,CHANDLER AZ: 82032.37,953.0
1210,GILBERT AZ,69784.0,71200.0,-111.78903729999999,33.3527632,AZ,268524.24,GILBERT AZ: 69784.0,1008.0
1211,GLENDALE AZ,93933.0,71200.0,-112.18599409999999,33.5386858,AZ,268524.24,GLENDALE AZ: 93933.0,776.0
1212,MESA AZ,69784.0,71200.0,-111.8314773,33.4151117,AZ,268524.24,MESA AZ: 69784.0,749.0
1213,PHOENIX AZ,78084.48,71200.0,-112.07734560000021,33.448586600000034,AZ,268524.24,PHOENIX AZ: 78084.48,725.0
1214,SCOTTSDALE AZ,83887.59,71200.0,-111.89923649999994,33.50912150000009,AZ,268524.24,SCOTTSDALE AZ: 83887.59,899.0
1215,TEMPE AZ,73852.78,71200.0,-111.94001249999998,33.425505599999994,AZ,268524.24,TEMPE AZ: 73852.78,808.0
1216,TUCSON AZ,75530.86,71200.0,-110.9262353,32.22189170000001,AZ,268524.24,TUCSON AZ: 75530.86,601.0
1219,CHEYENNE WY,85478.14,73000.0,-121.33665699999989,38.04080300000004,WY,239350.0,CHEYENNE WY: 85478.14,612.0
1221,EDMOND OK,62885.0,71400.0,-97.46490379999999,35.6571367,OK,167498.08,EDMOND OK: 62885.0,725.0
1222,NORMAN OK,61682.67,71400.0,-97.43948160000001,35.2225717,OK,167498.08,NORMAN OK: 61682.67,573.0
1223,OKLAHOMA CITY OK,71044.81,71400.0,-97.51705360000028,35.47298859999986,OK,167498.08,OKLAHOMA CITY OK: 71044.81,572.0
1227,LINCOLN NE,72329.8,60300.0,-96.66782099999999,40.8,NE,202237.5,LINCOLN NE: 72329.8,563.0
1228,OMAHA NE,90139.02,60300.0,-95.93837579999942,41.25874590000004,NE,202237.5,OMAHA NE: 90139.02,606.0
1230,FARGO ND,59259.5,67500.0,-96.78982099999999,46.877229,ND,233075.0,FARGO ND: 59259.5,471.0
1231,GRAND FORKS ND,57200.0,67500.0,-97.0592028,47.9078244,ND,233075.0,GRAND FORKS ND: 57200.0,498.0
1236,LAS VEGAS NV,83320.22,75000.0,-74.09923466469218,4.584712399999974,NV,308182.61,LAS VEGAS NV: 83320.22,785.0
1237,RENO NV,67558.0,75000.0,-119.8136744,39.529270000000004,NV,308182.61,RENO NV: 67558.0,743.0
1240,OLATHE KS,79556.19,72500.0,-94.81887,38.8838856,KS,232611.11,OLATHE KS: 79556.19,746.0
1241,OVERLAND PARK KS,78852.27,72500.0,-94.68517020000023,38.974250199999936,KS,232611.11,OVERLAND PARK KS: 78852.27,776.0
1243,TOPEKA KS,66213.33,72500.0,-95.677556,39.049011,KS,232611.11,TOPEKA KS: 66213.33,504.0
1245,WICHITA KS,75997.75,72500.0,-97.3375448,37.6922361,KS,232611.11,WICHITA KS: 75997.75,477.0
1247,SIOUX FALLS SD,56638.0,73000.0,-96.700327,43.5499749,SD,231300.0,SIOUX FALLS SD: 56638.0,511.0
1250,WASHINGTON DC,90515.52,73000.0,-77.03655290000005,38.89489319999995,DC,571829.41,WASHINGTON DC: 90515.52,1294.0
